<?xml version='1.0' encoding='utf-8'?>
<objectModel 
 xmlns='http://standards.ieee.org/IEEE1516-2010'
 xmlns:xsi='http://www.w3.org/2001/XMLSchema-instance'
 xsi:schemaLocation='http://standards.ieee.org/IEEE1516-2010 http://standards.ieee.org/downloads/1516/1516.2-2010/IEEE1516-DIF-2010.xsd'  >
	<modelIdentification>
		<name>FuelEconomyBase</name>
		<type>FOM</type>
		<version>1.0</version>
		<securityClassification>Unclassified</securityClassification>
		<description>Fuel economy base clone.</description>
	</modelIdentification>
	<objects>
		<objectClass>
			<name>HLAobjectRoot</name>
			<sharing>Neither</sharing>
			<attribute>
				<name>HLAprivilegeToDeleteObject</name>
				<dataType>HLAtoken</dataType>
				<updateType>Static</updateType>
				<updateCondition>NA</updateCondition>
				<ownership>DivestAcquire</ownership>
				<sharing>PublishSubscribe</sharing>
				<transportation>HLAreliable</transportation>
				<order>TimeStamp</order>
				<semantics>NA</semantics>
			</attribute>
			<objectClass>
				<name>Car</name>
				<sharing>PublishSubscribe</sharing>
				<semantics>A car for the Fuel Economy federation</semantics>
				<attribute>
					<name>Name</name>
					<dataType>HLAunicodeString</dataType>
					<updateType>Static</updateType>
					<updateCondition>On Change</updateCondition>
					<ownership>NoTransfer</ownership>
					<sharing>PublishSubscribe</sharing>
					<transportation>HLAreliable</transportation>
					<order>Receive</order>
					<semantics>Name of the Car</semantics>
				</attribute>
				<attribute>
					<name>LicensedPlateNumber</name>
					<dataType>HLAunicodeString</dataType>
					<updateType>Static</updateType>
					<updateCondition>NA</updateCondition>
					<ownership>NoTransfer</ownership>
					<sharing>PublishSubscribe</sharing>
					<transportation>HLAreliable</transportation>
					<order>Receive</order>
					<semantics>Number on the license plate.</semantics>
				</attribute>
				<attribute>
					<name>FuelLevel</name>
					<dataType>FuelInt32</dataType>
					<updateType>Conditional</updateType>
					<updateCondition>On Change</updateCondition>
					<ownership>NoTransfer</ownership>
					<sharing>PublishSubscribe</sharing>
					<transportation>HLAreliable</transportation>
					<order>Receive</order>
					<semantics>Current fuel level of the car at each point in time</semantics>
				</attribute>
				<attribute>
					<name>FuelType</name>
					<dataType>FuelTypeEnum32</dataType>
					<updateType>Static</updateType>
					<updateCondition>NA</updateCondition>
					<ownership>NoTransfer</ownership>
					<sharing>PublishSubscribe</sharing>
					<transportation>HLAreliable</transportation>
					<order>Receive</order>
					<semantics>Type of fuel for the car.</semantics>
				</attribute>
				<attribute>
					<name>Position</name>
					<dataType>PositionRec</dataType>
					<updateType>Conditional</updateType>
					<updateCondition>On Change</updateCondition>
					<ownership>NoTransfer</ownership>
					<sharing>PublishSubscribe</sharing>
					<transportation>HLAreliable</transportation>
					<order>Receive</order>
					<semantics>Position of the car.</semantics>
				</attribute>
			</objectClass>
		</objectClass>
	</objects>
	<interactions>
		<interactionClass>
			<name>HLAinteractionRoot</name>
			<sharing>Neither</sharing>
			<transportation>HLAreliable</transportation>
			<order>TimeStamp</order>
			<interactionClass>
				<name>Start</name>
				<sharing>PublishSubscribe</sharing>
				<transportation>HLAreliable</transportation>
				<order>Receive</order>
				<parameter>
					<name>TimeScaleFactor</name>
					<dataType>ScaleFactorFloat32</dataType>
					<semantics>Interaction to Start the simulation</semantics>
				</parameter>
			</interactionClass>
			<interactionClass>
				<name>Stop</name>
				<sharing>PublishSubscribe</sharing>
				<transportation>HLAreliable</transportation>
				<order>Receive</order>
				<semantics>Interaction to Stop the simulation</semantics>
			</interactionClass>
		</interactionClass>
	</interactions>
	<dimensions/>
	<synchronizations/>
	<transportations>
		<transportation>
			<name>HLAreliable</name>
			<reliable>Yes</reliable>
			<semantics>Provide reliable delivery of data in the sense that TCP/IP delivers its data reliably</semantics>
		</transportation>
		<transportation>
			<name>HLAbestEffort</name>
			<reliable>No</reliable>
			<semantics>Make an effort to deliver data in the sense that UDP provides best-effort delivery</semantics>
		</transportation>
	</transportations>
	<updateRates/>
	<dataTypes>
		<basicDataRepresentations/>
		<simpleDataTypes>
			<simpleData>
				<name>ScaleFactorFloat32</name>
				<representation>HLAfloat32BE</representation>
				<units>N/A</units>
				<resolution>0.001</resolution>
				<accuracy>0.001</accuracy>
				<semantics>Ratio between two values. Used for the scaling of time or space. Negative numbers are not allowed.</semantics>
			</simpleData>
			<simpleData>
				<name>FuelInt32</name>
				<representation>HLAinteger32BE</representation>
				<units>Litres</units>
				<resolution>1</resolution>
				<accuracy>1</accuracy>
				<semantics>Integer that describes a fuel volume. Note that this is rounded to an integer value in the information exchange.</semantics>
			</simpleData>
			<simpleData>
				<name>AngleFloat64</name>
				<representation>HLAfloat32BE</representation>
				<units>Degree</units>
				<resolution>0.000001</resolution>
				<accuracy>0.000001</accuracy>
				<semantics>Decimal degree data type used for Lat/Long positioning. A 64 bit value is required to accurately describe the position of a car on earth.</semantics>
			</simpleData>
		</simpleDataTypes>
		<enumeratedDataTypes>
			<enumeratedData>
				<name>FuelTypeEnum32</name>
				<representation>HLAinteger32BE</representation>
				<semantics>Main type of fuel for a car. Hybrid fuel cars are mainly treated as gasoline or diesel cars. Electrical cars to be covered in the next version of this FOM.</semantics>
				<enumerator>
					<name>Gasoline</name>
					<value>1</value>
				</enumerator>
				<enumerator>
					<name>Diesel</name>
					<value>2</value>
				</enumerator>
				<enumerator>
					<name>EthanolFlexibleFuel</name>
					<value>3</value>
				</enumerator>
				<enumerator>
					<name>NaturalGas</name>
					<value>4</value>
				</enumerator>
			</enumeratedData>
		</enumeratedDataTypes>
		<arrayDataTypes/>
		<fixedRecordDataTypes>
			<fixedRecordData>
				<name>PositionRec</name>
				<encoding>HLAfixedRecord</encoding>
				<semantics>Position on Earth described as Lat/Long using WGS-84.</semantics>
				<field>
					<name>Lat</name>
					<dataType>AngleFloat64</dataType>
					<semantics>Latitude degree (-90 to 90)</semantics>
				</field>
				<field>
					<name>Long</name>
					<dataType>AngleFloat64</dataType>
					<semantics>Longitude degree (-180 to 180)</semantics>
				</field>
			</fixedRecordData>
		</fixedRecordDataTypes>
		<variantRecordDataTypes/>
	</dataTypes>
	<notes/>
</objectModel>
