<?xml version='1.0' encoding='utf-8'?><!DOCTYPE objectModel SYSTEM 'HLA.dtd'>
<objectModel DTDversion='1516.2'  name='FuelEconomyBase'  type='FOM'  version='1.0'  references='' >
	<objects>
		<objectClass name='HLAobjectRoot'  sharing='Neither' >
			<attribute name='HLAprivilegeToDeleteObject'  dataType='HLAtoken'  updateType='Static'  updateCondition='NA'  ownership='DivestAcquire'  sharing='PublishSubscribe'  transportation='HLAreliable'  order='TimeStamp'  semantics='NA'  dimensions='NA' />
			<objectClass name='Car'  sharing='PublishSubscribe'  semantics='A car for the Fuel Economy federation' >
				<attribute name='Name'  dataType='HLAunicodeString'  updateType='Static'  updateCondition='On Change'  ownership='NoTransfer'  sharing='PublishSubscribe'  transportation='HLAreliable'  order='Receive'  semantics='Name of the Car'  dimensions='NA' />
				<attribute name='LicensedPlateNumber'  dataType='HLAunicodeString'  updateType='Static'  updateCondition='NA'  ownership='NoTransfer'  sharing='PublishSubscribe'  transportation='HLAreliable'  order='Receive'  semantics='Number on the license plate.'  dimensions='NA' />
				<attribute name='FuelLevel'  dataType='FuelInt32'  updateType='Conditional'  updateCondition='On Change'  ownership='NoTransfer'  sharing='PublishSubscribe'  transportation='HLAreliable'  order='Receive'  semantics='Current fuel level of the car at each point in time'  dimensions='NA' />
				<attribute name='FuelType'  dataType='FuelTypeEnum32'  updateType='Static'  updateCondition='NA'  ownership='NoTransfer'  sharing='PublishSubscribe'  transportation='HLAreliable'  order='Receive'  semantics='Type of fuel for the car.'  dimensions='NA' />
				<attribute name='Position'  dataType='PositionRec'  updateType='Conditional'  updateCondition='On Change'  ownership='NoTransfer'  sharing='PublishSubscribe'  transportation='HLAreliable'  order='Receive'  semantics='Position of the car.'  dimensions='NA' />
			</objectClass>
			<objectClass name='HLAmanager'  sharing='Neither'  semantics='This object class is the root class of all MOM object classes' >
				<objectClass name='HLAfederate'  sharing='Publish'  semantics='This object class shall contain RTI state variables         relating to a joined federate. The RTI shall publish it         and shall register one object instance for each joined         federate in a federation. Dynamic attributes that shall         be contained in an object instance shall be updated         periodically, where the period should be determined by         an interaction of the class HLAmanager.         HLAfederate.HLAadjust.HLAsetTiming. If this value is         never set or is set to zero, no periodic up-date shall         be performed by the RTI.' >
					<attribute name='HLAfederateHandle'  dataType='HLAhandle'  updateType='Static'  updateCondition='NA'  ownership='NoTransfer'  sharing='Publish'  transportation='HLAreliable'  order='Receive'  semantics='Handle of the joined federate returned by a Join           Federation Execution service invocation'  dimensions='Federate' />
					<attribute name='HLAfederateType'  dataType='HLAunicodeString'  updateType='Static'  updateCondition='NA'  ownership='NoTransfer'  sharing='Publish'  transportation='HLAreliable'  order='Receive'  semantics='Type of the joined federate specified by the joined           federate when it joined the federation'  dimensions='Federate' />
					<attribute name='HLAfederateHost'  dataType='HLAunicodeString'  updateType='Static'  updateCondition='NA'  ownership='NoTransfer'  sharing='Publish'  transportation='HLAreliable'  order='Receive'  semantics='Host name of the computer on which the joined federate           is executing'  dimensions='Federate' />
					<attribute name='HLARTIversion'  dataType='HLAunicodeString'  updateType='Static'  updateCondition='NA'  ownership='NoTransfer'  sharing='Publish'  transportation='HLAreliable'  order='Receive'  semantics='Version of the RTI software being used'  dimensions='Federate' />
					<attribute name='HLAFDDID'  dataType='HLAunicodeString'  updateType='Static'  updateCondition='NA'  ownership='NoTransfer'  sharing='Publish'  transportation='HLAreliable'  order='Receive'  semantics='Identifier associated with the FDD data used by the           joined federate'  dimensions='Federate' />
					<attribute name='HLAtimeConstrained'  dataType='HLAboolean'  updateType='Conditional'  updateCondition='Service invocation'  ownership='NoTransfer'  sharing='Publish'  transportation='HLAreliable'  order='Receive'  semantics='Whether the time advance of the joined federate is           constrained by other joined federates'  dimensions='Federate' />
					<attribute name='HLAtimeRegulating'  dataType='HLAboolean'  updateType='Conditional'  updateCondition='Service invocation'  ownership='NoTransfer'  sharing='Publish'  transportation='HLAreliable'  order='Receive'  semantics='Whether the joined federate influences the time           advancement of other joined federates'  dimensions='Federate' />
					<attribute name='HLAasynchronousDelivery'  dataType='HLAboolean'  updateType='Conditional'  updateCondition='Service invocation'  ownership='NoTransfer'  sharing='Publish'  transportation='HLAreliable'  order='Receive'  semantics="Whether the RTI shall deliver receive-order messages           to the joined federate while the joined federate's           time manager state is not Time Advancing (only matters           if the joined federate is time-constrained)"  dimensions='Federate' />
					<attribute name='HLAfederateState'  dataType='HLAfederateState'  updateType='Conditional'  updateCondition='Service invocation'  ownership='NoTransfer'  sharing='Publish'  transportation='HLAreliable'  order='Receive'  semantics='State of the joined federate'  dimensions='Federate' />
					<attribute name='HLAtimeManagerState'  dataType='HLAtimeState'  updateType='Conditional'  updateCondition='Service invocation'  ownership='NoTransfer'  sharing='Publish'  transportation='HLAreliable'  order='Receive'  semantics="State of the joined federate's time manager"  dimensions='Federate' />
					<attribute name='HLAlogicalTime'  dataType='HLAlogicalTime'  updateType='Periodic'  updateCondition='HLAsetTiming.HLAreportPeriod'  ownership='NoTransfer'  sharing='Publish'  transportation='HLAreliable'  order='Receive'  semantics="Joined federate's logical time. Initial value of this           information is initial value of time of the Time           Representation Abstract datatype (TRADT)."  dimensions='Federate' />
					<attribute name='HLAlookahead'  dataType='HLAtimeInterval'  updateType='Periodic'  updateCondition='HLAsetTiming.HLAreportPeriod'  ownership='NoTransfer'  sharing='Publish'  transportation='HLAreliable'  order='Receive'  semantics='Minimum duration into the future that a TSO message           will be scheduled. The value shall not be defined if           the joined federate is not time-regulating)'  dimensions='Federate' />
					<attribute name='HLAGALT'  dataType='HLAlogicalTime'  updateType='Periodic'  updateCondition='HLAsetTiming.HLAreportPeriod'  ownership='NoTransfer'  sharing='Publish'  transportation='HLAreliable'  order='Receive'  semantics="Joined federate's Greatest Available Logical Time           (GALT). The value shall not be defined if GALT is not           defined for the joined federate."  dimensions='Federate' />
					<attribute name='HLALITS'  dataType='HLAlogicalTime'  updateType='Periodic'  updateCondition='HLAsetTiming.HLAreportPeriod'  ownership='NoTransfer'  sharing='Publish'  transportation='HLAreliable'  order='Receive'  semantics="Joined federate's Least Incoming Time Stamp (LITS).           The value shall not be defined if LITS is not defined           for the joined federate."  dimensions='Federate' />
					<attribute name='HLAROlength'  dataType='HLAcount'  updateType='Periodic'  updateCondition='HLAsetTiming.HLAreportPeriod'  ownership='NoTransfer'  sharing='Publish'  transportation='HLAreliable'  order='Receive'  semantics='Number of RO messages queued for delivery to the           joined federate.'  dimensions='Federate' />
					<attribute name='HLATSOlength'  dataType='HLAcount'  updateType='Periodic'  updateCondition='HLAsetTiming.HLAreportPeriod'  ownership='NoTransfer'  sharing='Publish'  transportation='HLAreliable'  order='Receive'  semantics='Number of TSO messages queued for delivery to the           joined federate'  dimensions='Federate' />
					<attribute name='HLAreflectionsReceived'  dataType='HLAcount'  updateType='Periodic'  updateCondition='HLAsetTiming.HLAreportPeriod'  ownership='NoTransfer'  sharing='Publish'  transportation='HLAreliable'  order='Receive'  semantics='Total number of reflections received by the joined           federate.'  dimensions='Federate' />
					<attribute name='HLAupdatesSent'  dataType='HLAcount'  updateType='Periodic'  updateCondition='HLAsetTiming.HLAreportPeriod'  ownership='NoTransfer'  sharing='Publish'  transportation='HLAreliable'  order='Receive'  semantics='Total number of updates sent by the joined federate'  dimensions='Federate' />
					<attribute name='HLAinteractionsReceived'  dataType='HLAcount'  updateType='Periodic'  updateCondition='HLAsetTiming.HLAreportPeriod'  ownership='NoTransfer'  sharing='Publish'  transportation='HLAreliable'  order='Receive'  semantics='Total number of interactions received by the joined           federate.'  dimensions='Federate' />
					<attribute name='HLAinteractionsSent'  dataType='HLAcount'  updateType='Periodic'  updateCondition='HLAsetTiming.HLAreportPeriod'  ownership='NoTransfer'  sharing='Publish'  transportation='HLAreliable'  order='Receive'  semantics='Total number of interactions sent by the joined           federate. This information shall reflect related DDM           usage.'  dimensions='Federate' />
					<attribute name='HLAobjectInstancesThatCanBeDeleted'  dataType='HLAcount'  updateType='Periodic'  updateCondition='HLAsetTiming.HLAreportPeriod'  ownership='NoTransfer'  sharing='Publish'  transportation='HLAreliable'  order='Receive'  semantics='Total number of object instances whose           HLAprivilegeToDeleteObject attribute is owned by the           joined federate'  dimensions='Federate' />
					<attribute name='HLAobjectInstancesUpdated'  dataType='HLAcount'  updateType='Periodic'  updateCondition='HLAsetTiming.HLAreportPeriod'  ownership='NoTransfer'  sharing='Publish'  transportation='HLAreliable'  order='Receive'  semantics='Total number of object instances for which the joined           federate has invoked the Update Attribute Values           service.'  dimensions='Federate' />
					<attribute name='HLAobjectInstancesReflected'  dataType='HLAcount'  updateType='Periodic'  updateCondition='HLAsetTiming.HLAreportPeriod'  ownership='NoTransfer'  sharing='Publish'  transportation='HLAreliable'  order='Receive'  semantics='Total number of object instances for which the joined           federate has had a Reflect Attribute Values service           invocation.'  dimensions='Federate' />
					<attribute name='HLAobjectInstancesDeleted'  dataType='HLAcount'  updateType='Periodic'  updateCondition='HLAsetTiming.HLAreportPeriod'  ownership='NoTransfer'  sharing='Publish'  transportation='HLAreliable'  order='Receive'  semantics='Total number of times the Delete Object Instance           service was invoked by the joined federate since the           federate joined the federation'  dimensions='Federate' />
					<attribute name='HLAobjectInstancesRemoved'  dataType='HLAcount'  updateType='Periodic'  updateCondition='HLAsetTiming.HLAreportPeriod'  ownership='NoTransfer'  sharing='Publish'  transportation='HLAreliable'  order='Receive'  semantics='Total number of times the Remove Object Instance           service was invoked for the joined federate since the           federate joined the federation.'  dimensions='Federate' />
					<attribute name='HLAobjectInstancesRegistered'  dataType='HLAcount'  updateType='Periodic'  updateCondition='HLAsetTiming.HLAreportPeriod'  ownership='NoTransfer'  sharing='Publish'  transportation='HLAreliable'  order='Receive'  semantics='Total number of times the Register Object Instance or           Register Object Instance with Region service was           invoked by the joined federate since the federate           joined the federation.'  dimensions='Federate' />
					<attribute name='HLAobjectInstancesDiscovered'  dataType='HLAcount'  updateType='Periodic'  updateCondition='HLAsetTiming.HLAreportPeriod'  ownership='NoTransfer'  sharing='Publish'  transportation='HLAreliable'  order='Receive'  semantics='Total number of times the Discover Object Instance           service was invoked for the joined federate since the           federate joined the federation'  dimensions='Federate' />
					<attribute name='HLAtimeGrantedTime'  dataType='HLAmsec'  updateType='Periodic'  updateCondition='HLAsetTiming.HLAreportPeriod'  ownership='NoTransfer'  sharing='Publish'  transportation='HLAreliable'  order='Receive'  semantics='Wall clock time duration that the federate has spent           in the Time Granted state since the last update of           this attribute.'  dimensions='Federate' />
					<attribute name='HLAtimeAdvancingTime'  dataType='HLAmsec'  updateType='Periodic'  updateCondition='HLAsetTiming.HLAreportPeriod'  ownership='NoTransfer'  sharing='Publish'  transportation='HLAreliable'  order='Receive'  semantics='Wall clock time duration that the federate has spent           in the Time Advancing state since the last update of           this attribute.'  dimensions='Federate' />
					<attribute name='HLAconveyRegionDesignatorSets'  dataType='HLAswitch'  updateType='Conditional'  updateCondition='MOM interaction'  ownership='NoTransfer'  sharing='Publish'  transportation='HLAreliable'  order='Receive'  semantics='Value of federation-wide Convey Region Designator           Sets Switch. Updated when value of switch changes'  dimensions='Federate' />
				</objectClass>
				<objectClass name='HLAfederation'  sharing='Publish'  semantics='This object class shall contain RTI state variables         relating to a federation execution. The RTI shall         publish it and shall register one object instance for         the federation execution. It shall not automatically         update the values of the instance attributes; a joined         federate shall use a Request Attribute Value Update         service to obtain values for the instance attributes.' >
					<attribute name='HLAfederationName'  dataType='HLAunicodeString'  updateType='Static'  updateCondition='NA'  ownership='NoTransfer'  sharing='Publish'  transportation='HLAreliable'  order='Receive'  semantics='Name of the federation to which the joined federate           belongs'  dimensions='NA' />
					<attribute name='HLAfederatesInFederation'  dataType='HLAhandleList'  updateType='Conditional'  updateCondition='Federate joins or resigns'  ownership='NoTransfer'  sharing='Publish'  transportation='HLAreliable'  order='Receive'  semantics='Identifiers of joined federates that are joined to           the federation'  dimensions='NA' />
					<attribute name='HLARTIversion'  dataType='HLAunicodeString'  updateType='Static'  updateCondition='NA'  ownership='NoTransfer'  sharing='Publish'  transportation='HLAreliable'  order='Receive'  semantics='Version of the RTI software'  dimensions='NA' />
					<attribute name='HLAFDDID'  dataType='HLAunicodeString'  updateType='Static'  updateCondition='NA'  ownership='NoTransfer'  sharing='Publish'  transportation='HLAreliable'  order='Receive'  semantics='Identifier associated with the FDD used in the           relevant Create Federation Execution service           invocation.'  dimensions='NA' />
					<attribute name='HLAlastSaveName'  dataType='HLAunicodeString'  updateType='Conditional'  updateCondition='Service invocation'  ownership='NoTransfer'  sharing='Publish'  transportation='HLAreliable'  order='Receive'  semantics='Name associated with the last federation state save           (null if no saves have occurred)'  dimensions='NA' />
					<attribute name='HLAlastSaveTime'  dataType='HLAlogicalTime'  updateType='Conditional'  updateCondition='Service invocation'  ownership='NoTransfer'  sharing='Publish'  transportation='HLAreliable'  order='Receive'  semantics='Logical time at which the last federation state timed           save occurred. The value shall not be defined if no           timed saves have occurred.'  dimensions='NA' />
					<attribute name='HLAnextSaveName'  dataType='HLAunicodeString'  updateType='Conditional'  updateCondition='Service invocation'  ownership='NoTransfer'  sharing='Publish'  transportation='HLAreliable'  order='Receive'  semantics='Name associated with the next federation state save           (null if no saves are scheduled)'  dimensions='NA' />
					<attribute name='HLAnextSaveTime'  dataType='HLAlogicalTime'  updateType='Conditional'  updateCondition='Service invocation'  ownership='NoTransfer'  sharing='Publish'  transportation='HLAreliable'  order='Receive'  semantics='Logical time at which the next federation state timed           save is scheduled. The value shall not be defined if           no timed saves are scheduled.'  dimensions='NA' />
					<attribute name='HLAautoProvide'  dataType='HLAswitch'  updateType='Conditional'  updateCondition='MOM interaction'  ownership='NoTransfer'  sharing='Publish'  transportation='HLAreliable'  order='Receive'  semantics='Value of federation-wide Auto Provide Switch. Updated           when value of switch changes'  dimensions='NA' />
				</objectClass>
			</objectClass>
		</objectClass>
	</objects>
	<interactions>
		<interactionClass name='HLAinteractionRoot'  order='TimeStamp'  sharing='Neither'  transportation='HLAreliable'  dimensions='NA' >
			<interactionClass name='Start'  order='Receive'  sharing='PublishSubscribe'  transportation='HLAreliable'  dimensions='NA' >
				<parameter name='TimeScaleFactor'  dataType='ScaleFactorFloat32'  semantics='Interaction to Start the simulation' />
			</interactionClass>
			<interactionClass name='Stop'  order='Receive'  semantics='Interaction to Stop the simulation'  sharing='PublishSubscribe'  transportation='HLAreliable'  dimensions='NA' />
			<interactionClass name='HLAmanager'  order='Receive'  semantics='Root class of MOM interactions'  sharing='Neither'  transportation='HLAreliable'  dimensions='NA' >
				<interactionClass name='HLAfederate'  order='Receive'  semantics='Root class of MOM interactions that deal with a specific         joined federate'  sharing='Neither'  transportation='HLAreliable'  dimensions='NA' >
					<parameter name='HLAfederate'  dataType='HLAhandle'  semantics='Handle of the joined federate that was provided when           joining.' />
					<interactionClass name='HLAadjust'  order='Receive'  semantics='Permit a joined federate to adjust the RTI           statevariables associated with another joined           federate'  sharing='Neither'  transportation='HLAreliable'  dimensions='NA' >
						<interactionClass name='HLAsetTiming'  order='Receive'  semantics='Adjust the time period between updates of the             HLAmanager.HLAfederate object instance for the             specified joined federate. If this interaction is             never sent, the RTI shall not perform periodic             updates'  sharing='Subscribe'  transportation='HLAreliable'  dimensions='NA' >
							<parameter name='HLAreportPeriod'  dataType='HLAseconds'  semantics='Number of seconds between updates of instance               attribute values of the HLAfederate object               instance               (A zero value causes periodic updates to cease)' />
						</interactionClass>
						<interactionClass name='HLAmodifyAttributeState'  order='Receive'  semantics="Modify the ownership state of an attribute of an             object instance for the specified joined federate.             If the interaction is used to give ownership of the             instance attribute to the specified joined federate             and another joined federate currently owns the             instance attribute, the owning joined federate             shall be divested of ownership of the instance             attribute before ownership is granted to the             specified joined federate. No notification of             change of ownership of the instance attribute shall             be provided to either joined federate. In order for             ownership of the instance attribute to be granted             to the specified joined federate, the following             conditions shall be true:             - the specified joined federate knows about the object             instance             - the specified joined federate is publishing the             corresponding class attribute at the known class             of the specified object instance at that joined             federate             - the specified instance attribute is not owned             by the RTI (i.e., it's not a predefined attribute             of a MOM object class)             If one or more of the above conditions are not             met, then the interaction shall have no effect and             an error shall be reported via an interaction of             class HLAmanager. HLAfederate.HLAreport.             HLAreportMOMexception."  sharing='Subscribe'  transportation='HLAreliable'  dimensions='NA' >
							<parameter name='HLAobjectInstance'  dataType='HLAhandle'  semantics='Handle of the object instance whose attribute               state is being changed' />
							<parameter name='HLAattribute'  dataType='HLAhandle'  semantics='Handle of the instance attribute               whose stateis being changed' />
							<parameter name='HLAattributeState'  dataType='HLAownership'  semantics='New state for the attribute of the object               instance' />
						</interactionClass>
						<interactionClass name='HLAsetServiceReporting'  order='Receive'  semantics='Specify whether to report service invocations to0             or from the specified joined federate via             HLAmanager.HLAfederate.             HLAreport.HLAreportServiceInvocation interactions             (enable or disable servicereporting). If the             specified joined federate is subscribed to the             HLAmanager.HLAfederate.HLAreport.             HLAreportServiceInvocation interaction, all             attempts to enable service reporting for that             joined federate by sending an             HLAmanager.HLAfederate.HLAadjust.             HLAsetServiceReporting interaction with an             HLAreportingState parameter value of HLAtrue shall             fail and be reported via the normal MOM interaction             failure means'  sharing='Subscribe'  transportation='HLAreliable'  dimensions='NA' >
							<parameter name='HLAreportingState'  dataType='HLAboolean'  semantics='Whether the RTI should report service               invocations (default = HLAfalse)' />
						</interactionClass>
						<interactionClass name='HLAsetExceptionReporting'  order='Receive'  semantics='Specify whether the RTI shall report service             invocation exceptions via             HLAmanager.HLAfederate.HLAreport.             HLAreportException interactions'  sharing='Subscribe'  transportation='HLAreliable'  dimensions='NA' >
							<parameter name='HLAreportingState'  dataType='HLAboolean'  semantics='Whether the RTI should report exceptions               (default = HLAfalse)' />
						</interactionClass>
						<interactionClass name='HLAsetSwitches'  order='Receive'  semantics='Set the values of several HLA switches.'  sharing='Subscribe'  transportation='HLAreliable'  dimensions='NA' >
							<parameter name='HLAconveyRegionDesignatorSets'  dataType='HLAswitch'  semantics='Set the federation-wide Convey Region Designator Sets Switch                                  to the provided value (this parameter is required only when a change                                   of this switch value is needed).' />
						</interactionClass>
					</interactionClass>
					<interactionClass name='HLArequest'  order='Receive'  semantics='Permit a federate to request RTI data about another           federate'  sharing='Neither'  transportation='HLAreliable'  dimensions='NA' >
						<interactionClass name='HLArequestPublications'  order='Receive'  semantics='Request that the RTI send report interactions that             contain the publication data of a joined federate.             It shall result in one interaction of class             HLAmanager. HLAfederate.HLAreport.             HLAreportInteractionPublication and one             interaction of class HLAmanager.HLAfederate.             HLAreport.HLAreportObjectClassPublication for each             object class published'  sharing='Subscribe'  transportation='HLAreliable'  dimensions='NA' />
						<interactionClass name='HLArequestSubscriptions'  order='Receive'  semantics='Request that the RTI send report interactions that             contain the subscription data of a joined federate. It             shall result in one interaction of class HLAmanager.             HLAfederate.HLAreport.             HLAreportInteractionSubscription and one             interaction of class HLAmanager.HLAfederate.             HLAreport.HLAreportObjectClassSubscription for each             object class published'  sharing='Subscribe'  transportation='HLAreliable'  dimensions='NA' />
						<interactionClass name='HLArequestObjectInstancesThatCanBeDeleted'  order='Receive'  semantics='Request that the RTI send a report interaction that             contains the object instances that can be deleted             at the joined federate. It shall result in one             interaction of class             HLAmanager.HLAfederate.HLAreport.             HLAreportObjectInstancesThatCanBeDeleted'  sharing='Subscribe'  transportation='HLAreliable'  dimensions='NA' />
						<interactionClass name='HLArequestObjectInstancesUpdated'  order='Receive'  semantics='Request that the RTI send a report interaction that             contains the object instance updating             responsibility of a joined federate. It shall             result in one interaction of             class HLAmanager.HLAfederate.HLAreport.             HLAreportObjectInstancesUpdated'  sharing='Subscribe'  transportation='HLAreliable'  dimensions='NA' />
						<interactionClass name='HLArequestObjectInstancesReflected'  order='Receive'  semantics='Request that the RTI send a report interaction that             contains the objects instances for which a joined             federate has had a Reflect Attribute Values service             invocation. It shall result in one interaction             ofclass HLAmanager.HLAfederate.HLAreport.             HLAreportObjectInstancesReflected'  sharing='Subscribe'  transportation='HLAreliable'  dimensions='NA' />
						<interactionClass name='HLArequestUpdatesSent'  order='Receive'  semantics='Request that the RTI send a report interaction that             contains the number of updates that a joined             federate has generated. It shall result in one             interaction of class             HLAmanager.HLAfederate.HLAreport.             HLAreportUpdatesSent for each transportation type             that is used to send updates'  sharing='Subscribe'  transportation='HLAreliable'  dimensions='NA' />
						<interactionClass name='HLArequestInteractionsSent'  order='Receive'  semantics='Request that the RTI send a report interaction that             contains the number of interactions that a joined             federate has generated. This count shall include             interactions sent with region. It shall result in             one interaction of class             HLAmanager.HLAfederate.HLAreport.             HLAreportInteractionsSent for each transportation             type that is used to send interactions'  sharing='Subscribe'  transportation='HLAreliable'  dimensions='NA' />
						<interactionClass name='HLArequestReflectionsReceived'  order='Receive'  semantics='Request that the RTI send a report interaction that             contains the number of reflections that a joined             federate has received. It shall result in one             interaction of class             HLAmanager.HLAfederate.HLAreport.             HLAreportReflectionsReceived for each             transportation type used in receiving             reflections'  sharing='Subscribe'  transportation='HLAreliable'  dimensions='NA' />
						<interactionClass name='HLArequestInteractionsReceived'  order='Receive'  semantics='Request that the RTI send a report interaction that             contains the number of interactions that a joined             federate has received. It shall result in one             interaction of class             HLAmanager.HLAfederate.HLAreport.             HLAreportInteractionsReceived for each             transportation typeused in receiving             interactions'  sharing='Subscribe'  transportation='HLAreliable'  dimensions='NA' />
						<interactionClass name='HLArequestObjectInstanceInformation'  order='Receive'  semantics='Request that the RTI send a report interaction that             contains the information that a joined federate             maintains on a single object instance. It shall             result in one interaction of class             HLAmanager.HLAfederate.HLAreport.             HLAreportObjectInstanceInformation'  sharing='Subscribe'  transportation='HLAreliable'  dimensions='NA' >
							<parameter name='HLAobjectInstance'  dataType='HLAhandle'  semantics='Handle of the object instance for which               information is being requested' />
						</interactionClass>
						<interactionClass name='HLArequestSynchronizationPoints'  order='Receive'  semantics='Request that the RTI send a report interaction that             contains a list of all in-progress federation             synchronization points. It shall result in one             interaction class             HLAmanager.HLAfederate.HLAreport.             HLAreportSynchronizationPoints'  sharing='Subscribe'  transportation='HLAreliable'  dimensions='NA' />
						<interactionClass name='HLArequestSynchronizationPointStatus'  order='Receive'  semantics='Request that the RTI send a report interaction that             contains a list that includes each federate (and its             synchronization point status) that is associated             with a particular synchronization point. It shall             result in one interaction of class             HLAmanager.HLAfederate.HLAreport.             HLAreportSynchronizationPointStaus'  sharing='Subscribe'  transportation='HLAreliable'  dimensions='NA' />
					</interactionClass>
					<interactionClass name='HLAreport'  order='Receive'  semantics='Report RTI data about a joined federate. The RTI           shall send these interactions in response to           interactions of class           HLAmanager.HLAfederate.HLArequest.'  sharing='Neither'  transportation='HLAreliable'  dimensions='NA' >
						<interactionClass name='HLAreportObjectClassPublication'  order='Receive'  semantics='The interaction shall be sent by the RTI in             response to an interaction of class             HLAmanager.HLAfederate.             HLArequest.HLArequestPublications. It shall report             the attributes of one object class published by the             joined federate. One of these interactions shall be             sent for each object class containing attributes             that are published by the joined federate'  sharing='Publish'  transportation='HLAreliable'  dimensions='Federate' >
							<parameter name='HLAnumberOfClasses'  dataType='HLAcount'  semantics='The number of object classes for which the joined               federate publishes attributes' />
							<parameter name='HLAobjectClass'  dataType='HLAhandle'  semantics='The object class whose publication is being               reported' />
							<parameter name='HLAattributeList'  dataType='HLAhandleList'  semantics='List of handles of HLAobjectClass attributes               that the joined federate is publishing' />
						</interactionClass>
						<interactionClass name='HLAreportObjectClassSubscription'  order='Receive'  semantics='The interaction shall be sent by the RTI in             response to an interaction of class             HLAmanager.HLAfederate.             HLArequest.HLArequestSubscriptions. It shall             report the attributes of one object class             subscribed to by the joined federate. One of these             interactions shall be sent for each object class             that is subscribed to by the joined federate. This             information shall reflect related DDM usage.'  sharing='Publish'  transportation='HLAreliable'  dimensions='Federate' >
							<parameter name='HLAnumberOfClasses'  dataType='HLAcount'  semantics='The number of object classes for which the joined               federate subscribes to attributes. This               information shall reflect related DDM usage.' />
							<parameter name='HLAobjectClass'  dataType='HLAhandle'  semantics='The object class whose subscription is being               reported' />
							<parameter name='HLAactive'  dataType='HLAboolean'  semantics='Whether the subscription is active' />
							<parameter name='HLAattributeList'  dataType='HLAhandleList'  semantics='List of handles of class attributes to               which the joined federate is subscribing.' />
						</interactionClass>
						<interactionClass name='HLAreportInteractionPublication'  order='Receive'  semantics='The interaction shall be sent by the RTI in response             to an interaction of class HLAmanager.HLAfederate.             HLArequest.HLArequestPublications. It shall report             the interaction classes published by the joined             federate'  sharing='Publish'  transportation='HLAreliable'  dimensions='Federate' >
							<parameter name='HLAinteractionClassList'  dataType='HLAhandleList'  semantics='List of interaction classes that the joined               federate is publishing' />
						</interactionClass>
						<interactionClass name='HLAreportInteractionSubscription'  order='Receive'  semantics='The interaction shall be sent by the RTI in response             to an interaction of class HLAmanager.HLAfederate.             HLArequest.HLArequestSubscriptions. It shall             report the interaction classes subscribed to by the             joined federate. This information shall reflect             related DDM usage.'  sharing='Publish'  transportation='HLAreliable'  dimensions='Federate' >
							<parameter name='HLAinteractionClassList'  dataType='HLAinteractionSubList'  semantics='List of interaction class/subscription type               pairs. Each pair consists of the handle of an               interaction class that the joined federate is               subscribed to and whether the joined federate is               actively subscribing. This information shall               reflect related DDM usage.' />
						</interactionClass>
						<interactionClass name='HLAreportObjectInstancesThatCanBeDeleted'  order='Receive'  semantics='The interaction shall be sent by the RTI in             response to an interaction of class             HLAmanager.HLAfederate.HLArequest.HLArequestObject             InstancesThatCanBeDeleted. It shall report the             number of object instances (by registered class of             the object instances) whose             HLAprivilegeToDeleteObject attribute areowned by             the joined federate.'  sharing='Publish'  transportation='HLAreliable'  dimensions='Federate' >
							<parameter name='HLAobjectInstanceCounts'  dataType='HLAobjectClassBasedCounts'  semantics='A list of object instance counts. Each object               instance count consists of an object class               handle and the number of object instances of               that class' />
						</interactionClass>
						<interactionClass name='HLAreportObjectInstancesUpdated'  order='Receive'  semantics='The interaction shall be sent by the RTI in             response to an interaction of class             HLAmanager.HLAfederate.             HLArequest.HLArequestObjectInstancessUpdated. It             shall report the number of object instances (by             registered class of the object instances) for which             the joined federate has invoked the Update             Attribute Values service.'  sharing='Publish'  transportation='HLAreliable'  dimensions='Federate' >
							<parameter name='HLAobjectInstanceCounts'  dataType='HLAobjectClassBasedCounts'  semantics='List of object instance counts. Each object               instance count consists of an object class               handle and the number of object instances of               that class.' />
						</interactionClass>
						<interactionClass name='HLAreportObjectInstancesReflected'  order='Receive'  semantics='The interaction shall be sent by the RTI in             response to an interaction of class             HLAmanager.HLAfederate.             HLArequest.HLArequestObjectInstancessReflected.             It shall report the number of object instances             (by registered class of the object instances)             for which the joined federate has had a Reflect             Attribute Values service invocation.'  sharing='Publish'  transportation='HLAreliable'  dimensions='Federate' >
							<parameter name='HLAobjectInstanceCounts'  dataType='HLAobjectClassBasedCounts'  semantics='List of object instance counts. Each object               instance count consists of an object class               handle and the number of object instances of               that class.' />
						</interactionClass>
						<interactionClass name='HLAreportUpdatesSent'  order='Receive'  semantics='The interaction shall be sent by the RTI in             response to an interaction of class             HLAmanager.HLAfederate.             HLArequest.HLArequestUpdatesSent. It shall report             the number of updates sent (by registered class of             the object instances of the updates) by the joined             federate since the beginning of the federation             execution. One interaction of this class shall be             sent by the RTI for each transportation type             used.'  sharing='Publish'  transportation='HLAreliable'  dimensions='Federate' >
							<parameter name='HLAtransportation'  dataType='HLAtransportationName'  semantics='Transportation type used in sending updates' />
							<parameter name='HLAupdateCounts'  dataType='HLAobjectClassBasedCounts'  semantics='List of update counts. Each update count               consists of an object class handle and the               number of updates sent of that class' />
						</interactionClass>
						<interactionClass name='HLAreportReflectionsReceived'  order='Receive'  semantics='The interaction shall be sent by the RTI in             response to an interaction of class             HLAmanager.HLAfederate.             HLArequest.HLArequestReflectionsReceived. It shall             report the number of reflections received (by             registered class of the object instances of the             reflects) by the joined federate since the             beginning of the federation execution. One             interaction of this class shall be sent by the RTI             for each transportation type used.'  sharing='Publish'  transportation='HLAreliable'  dimensions='Federate' >
							<parameter name='HLAtransportation'  dataType='HLAtransportationName'  semantics='Transportation type used in receiving               reflections' />
							<parameter name='HLAreflectCounts'  dataType='HLAobjectClassBasedCounts'  semantics='List of reflection counts. Each reflection               count consists of an object class handle and the               number of reflections received of that class.' />
						</interactionClass>
						<interactionClass name='HLAreportInteractionsSent'  order='Receive'  semantics='The interaction shall be sent by the RTI in             response to an interaction of class             HLAmanager.HLAfederate.             HLArequest.HLArequestInteractionsSent. It shall             report the number of interactions sent (by sent             class of the interactions) by the joined federate             since the beginning of the federation execution.             This count shall include interactions sent with             region. One interaction of this class shall be sent             by the RTI for each transportation type used.'  sharing='Publish'  transportation='HLAreliable'  dimensions='Federate' >
							<parameter name='HLAtransportation'  dataType='HLAtransportationName'  semantics='Transportation type used in sending               interactions' />
							<parameter name='HLAinteractionCounts'  dataType='HLAinteractionCounts'  semantics='List of interaction counts. Each interaction               count consists of an interaction class handle               and the number of interactions of that class.               This information shall reflect related DDM               usage.' />
						</interactionClass>
						<interactionClass name='HLAreportInteractionsReceived'  order='Receive'  semantics='The interaction shall be sent by the RTI in             response to an interaction of class             HLAmanager.HLAfederate.             HLArequest. HLArequestInteractionsReceived. It             shall report the number of interactions received             (by sent class of the interactions) by the joined             federate since the beginning of the federation             execution. One interaction of this class shall be             sent by the RTI for each transportation type             used.'  sharing='Publish'  transportation='HLAreliable'  dimensions='Federate' >
							<parameter name='HLAtransportation'  dataType='HLAtransportationName'  semantics='Transportation type used in receiving               interactions' />
							<parameter name='HLAinteractionCounts'  dataType='HLAinteractionCounts'  semantics='List of interaction counts. Each interaction               count consists of an interaction class handle               and the number of interactions of that class.' />
						</interactionClass>
						<interactionClass name='HLAreportObjectInstanceInformation'  order='Receive'  semantics='The interaction shall be sent by the RTI in             response to an interaction of class             HLAmanager.HLAfederate.             HLArequest.HLArequestObjectInstance Information.             It shall report on a single object instance and             portray the attributes of that object instance that             are owned by the joined federate, the registered             class of the object instance, and the known class             of the object instance at the joined federate.'  sharing='Publish'  transportation='HLAreliable'  dimensions='Federate' >
							<parameter name='HLAobjectInstance'  dataType='HLAhandle'  semantics='Handle of the object instance for which the               interaction was sent' />
							<parameter name='HLAownedInstanceAttributeList'  dataType='HLAhandleList'  semantics='List of the handles of all instance attributes,               of the object instance, owned by the joined               federate' />
							<parameter name='HLAregisteredClass'  dataType='HLAhandle'  semantics='Handle of the registered class of the object               instance' />
							<parameter name='HLAknownClass'  dataType='HLAhandle'  semantics='Handle of the known class of the object               instance at the joined federate' />
						</interactionClass>
						<interactionClass name='HLAreportException'  order='Receive'  semantics='The interaction shall be sent by the RTI when an             exception occurs as the result of a service             invocation at the indicated joined federate. This             interaction shall be sent only if the last             HLAmanager.HLAfederate.HLAadjust.             HLAsetExceptionReporting interaction changing the             HLAreportingState parameter sets the parameter to             HLAtrue, for the indicated joined federate.'  sharing='Publish'  transportation='HLAreliable'  dimensions='Federate' >
							<parameter name='HLAservice'  dataType='HLAunicodeString'  semantics='Name of the service that raised the exception' />
							<parameter name='HLAexception'  dataType='HLAunicodeString'  semantics='Textual depiction of the exception' />
						</interactionClass>
						<interactionClass name='HLAreportServiceInvocation'  order='Receive'  semantics='This interaction shall be sent by the RTI whenever             an HLA service is invoked, either by the indicated             joined federate or by the RTI at the indicated             joined federate, and Service Reporting is Enabled             for the indicated joined federate. This interaction             shall always contain the arguments supplied by the             service invoker. If the service invocation was             successful, the interaction also shall contain the             value returned to the invoker (if the service             returns a value); otherwise, the interaction also             shall contain an indication of the exception that             shall be raised to the invoker.'  sharing='Publish'  transportation='HLAreliable'  dimensions='Federate ServiceGroup' >
							<parameter name='HLAservice'  dataType='HLAunicodeString'  semantics='Textual name of the service' />
							<parameter name='HLAsuccessIndicator'  dataType='HLAboolean'  semantics='Whether the service invocation was successful.               Exception values are returned along with               HLAfalse value' />
							<parameter name='HLAsuppliedArguments'  dataType='HLAargumentList'  semantics='Textual depiction of the arguments supplied in               the service invocation' />
							<parameter name='HLAreturnedArguments'  dataType='HLAargumentList'  semantics='Textual depiction of the argument returned by               the service invocation (null if the service does               not normally return a value or if               HLAsuccessIndicator is HLAfalse)' />
							<parameter name='HLAexception'  dataType='HLAunicodeString'  semantics='Textual depiction of the exception raised by               this service invocation (null if               HLAsuccessIndicator is HLAtrue)' />
							<parameter name='HLAserialNumber'  dataType='HLAcount'  semantics='This is a per-joined federate serial number               that shall start at zero and shall increment by               1 for each HLAmanager.HLAfederate.HLAreport               HLAreportServiceInvocation interaction that               represents service invocations to or from the               respective joined federate.' />
						</interactionClass>
						<interactionClass name='HLAreportMOMexception'  order='Receive'  semantics="The interaction shall be sent by the RTI when one             the following occurs:             - a MOM interaction without all the necessary             parameters is sent or             - an interaction that imitates a federate's             invocation of an RTI service is sent and not all             of the service's pre-conditions are met."  sharing='Publish'  transportation='HLAreliable'  dimensions='Federate' >
							<parameter name='HLAservice'  dataType='HLAunicodeString'  semantics='Name of the service interaction that had a               problem or raised the exception' />
							<parameter name='HLAexception'  dataType='HLAunicodeString'  semantics='Textual depiction of the problem or exception' />
							<parameter name='HLAparameterError'  dataType='HLAboolean'  semantics='HLAtrue if there was an incorrect number of                 interaction parameters, HLAfalse otherwise' />
						</interactionClass>
						<interactionClass name='HLAreportSynchronizationPoints'  order='Receive'  semantics='The interaction shall be sent by the RTI in             response to an interaction of class             HLAmanager.HLAfederate.             HLArequest.HLArequestSynchronizationPoints. It             shall report the list of active synchronization             points in the federation execution.'  sharing='Publish'  transportation='HLAreliable'  dimensions='Federate' >
							<parameter name='HLAsyncPoints'  dataType='HLAsynchPointList'  semantics='List of the in progress federation execution               synchronization points' />
						</interactionClass>
						<interactionClass name='HLAreportSynchronizationPointStatus'  order='Receive'  semantics='The interaction shall be sent by the RTI in             response to an interaction of class             HLAmanager.HLAfederate.             HLArequest.HLArequestSynchronizationPointStatus.             It shall report the status of a particular             synchronization point. This shall be a list that             includes each federate (and its synchronization             status) that is associated with a particular             synchronization point.'  sharing='Publish'  transportation='HLAreliable'  dimensions='Federate' >
							<parameter name='HLAsyncPointName'  dataType='HLAunicodeString'  semantics='Name of a particular synchronization point' />
							<parameter name='HLAsyncPointFederates'  dataType='HLAsynchPointFederateList'  semantics='List of each federate (and its synchronization               status) associated with the particular               synchronization point' />
						</interactionClass>
					</interactionClass>
					<interactionClass name='HLAservice'  order='Receive'  semantics='The interaction class shall be acted upon by the RTI.           These interactions shall invoke HLA services on           behalf of another joined federate. They shall cause           the RTI to react as if the service has invoked by that           other joined federate. If exceptions arise as a result           of the use of these interactions, they shall be           reported via the HLAmanager.           HLAfederate.HLAreport.HLAreportMOMexception           interaction to all joined federates that subscribe to           this interaction. There are two ways an error can           occur: the sending federate does not provide all the           required arguments as parameters or the preconditions           of the spoofed service are not met. Each type of error           is reported via the HLAMOMreportMOMexception.           NOTE?These interactions shall have the potential to           disrupt normal federation execution and should be           used with great care.'  sharing='Neither'  transportation='HLAreliable'  dimensions='NA' >
						<interactionClass name='HLAresignFederationExecution'  order='Receive'  semantics='Cause the joined federate to resign from the             federation execution. A joined federate shall be             able to send this interaction anytime.'  sharing='Subscribe'  transportation='HLAreliable'  dimensions='NA' >
							<parameter name='HLAresignAction'  dataType='HLAresignAction'  semantics='Action that the RTI is to take in conjunction               with the resignation' />
						</interactionClass>
						<interactionClass name='HLAsynchronizationPointAchieved'  order='Receive'  semantics="Mimic the federate's report of achieving a             synchronization point."  sharing='Subscribe'  transportation='HLAreliable'  dimensions='NA' >
							<parameter name='HLAlabel'  dataType='HLAunicodeString'  semantics='Label associated with the synchronization             point' />
						</interactionClass>
						<interactionClass name='HLAfederateSaveBegun'  order='Receive'  semantics="Mimic the federate's report of starting a save"  sharing='Subscribe'  transportation='HLAreliable'  dimensions='NA' />
						<interactionClass name='HLAfederateSaveComplete'  order='Receive'  semantics="Mimic the joined federate's report of completion             of a save. A joined federate shall be able to send             this interaction during a federation save."  sharing='Subscribe'  transportation='HLAreliable'  dimensions='NA' >
							<parameter name='HLAsuccessIndicator'  dataType='HLAboolean'  semantics='Whether the save was successful' />
						</interactionClass>
						<interactionClass name='HLAfederateRestoreComplete'  order='Receive'  semantics="Mimic the joined federate's report of completion             of a restore. A joined federate shall be able to             send this interaction during a federation             restore."  sharing='Subscribe'  transportation='HLAreliable'  dimensions='NA' >
							<parameter name='HLAsuccessIndicator'  dataType='HLAboolean'  semantics='Whether the restore was successful' />
						</interactionClass>
						<interactionClass name='HLApublishObjectClassAttributes'  order='Receive'  semantics="Set the joined federate's publication status of             attributes belonging to an object class"  sharing='Subscribe'  transportation='HLAreliable'  dimensions='NA' >
							<parameter name='HLAobjectClass'  dataType='HLAhandle'  semantics="Object class for which the joined federate's               publication shall change" />
							<parameter name='HLAattributeList'  dataType='HLAhandleList'  semantics='List of handles of attributes of               HLAobjectClass, which the federate shall now               publish' />
						</interactionClass>
						<interactionClass name='HLAunpublishObjectClassAttributes'  order='Receive'  semantics='Cause the joined federate no longer to publish             attributes of an object class'  sharing='Subscribe'  transportation='HLAreliable'  dimensions='NA' >
							<parameter name='HLAobjectClass'  dataType='HLAhandle'  semantics="Object class for which the joined federate's               unpublication shall change" />
							<parameter name='HLAattributeList'  dataType='HLAhandleList'  semantics='List of handles of attributes of               HLAobjectClass, which the joined federate shall               now unpublish' />
						</interactionClass>
						<interactionClass name='HLApublishInteractionClass'  order='Receive'  semantics="Set the joined federate's publication status of an             interaction class"  sharing='Subscribe'  transportation='HLAreliable'  dimensions='NA' >
							<parameter name='HLAinteractionClass'  dataType='HLAhandle'  semantics='Interaction class that the joined federate               shall publish' />
						</interactionClass>
						<interactionClass name='HLAunpublishInteractionClass'  order='Receive'  semantics='Cause the joined federate no longer to publish an             interaction class'  sharing='Subscribe'  transportation='HLAreliable'  dimensions='NA' >
							<parameter name='HLAinteractionClass'  dataType='HLAhandle'  semantics='Interaction class that the joined federate               shall no longer publish' />
						</interactionClass>
						<interactionClass name='HLAsubscribeObjectClassAttributes'  order='Receive'  semantics="Set the joined federate's subscription status of             attributes belonging to an object class"  sharing='Subscribe'  transportation='HLAreliable'  dimensions='NA' >
							<parameter name='HLAobjectClass'  dataType='HLAhandle'  semantics="Object class for which the joined federate's               subscription shall change" />
							<parameter name='HLAattributeList'  dataType='HLAhandleList'  semantics='List of handles of attributes of HLAobjectClass               to which the joined federate shall now               subscribe' />
							<parameter name='HLAactive'  dataType='HLAboolean'  semantics='Whether the subscription is active' />
						</interactionClass>
						<interactionClass name='HLAunsubscribeObjectClassAttributes'  order='Receive'  semantics='Cause the joined federate no longer to subscribe to             attributes of an object class'  sharing='Subscribe'  transportation='HLAreliable'  dimensions='NA' >
							<parameter name='HLAobjectClass'  dataType='HLAhandle'  semantics="Object class for which the joined federate's               subscription shall change" />
							<parameter name='HLAattributeList'  dataType='HLAhandleList'  semantics='List of handles of attributes of HLAobjectClass               to which the joined federate shall now               unsubscribe' />
						</interactionClass>
						<interactionClass name='HLAsubscribeInteractionClass'  order='Receive'  semantics="Set the joined federate's subscription status to an             interaction class."  sharing='Subscribe'  transportation='HLAreliable'  dimensions='NA' >
							<parameter name='HLAinteractionClass'  dataType='HLAhandle'  semantics='Interaction class to which the federate shall               subscribe' />
							<parameter name='HLAactive'  dataType='HLAboolean'  semantics='Whether the subscription is active' />
						</interactionClass>
						<interactionClass name='HLAunsubscribeInteractionClass'  order='Receive'  semantics='Cause the joined federate no longer to subscribe             to an interaction class'  sharing='Subscribe'  transportation='HLAreliable'  dimensions='NA' >
							<parameter name='HLAinteractionClass'  dataType='HLAhandle'  semantics='Interaction class to which the joined federate               will no longer be subscribed' />
						</interactionClass>
						<interactionClass name='HLAdeleteObjectInstance'  order='Receive'  semantics='Cause an object instance to be deleted from the             federation.'  sharing='Subscribe'  transportation='HLAreliable'  dimensions='NA' >
							<parameter name='HLAobjectInstance'  dataType='HLAhandle'  semantics='Handle of the object instance that is to be               deleted' />
							<parameter name='HLAtag'  dataType='HLAopaqueData'  semantics='Tag associated with the deletion' />
							<parameter name='HLAtimeStamp'  dataType='HLAlogicalTime'  semantics='Time stamp of the deletion (optional)' />
						</interactionClass>
						<interactionClass name='HLAlocalDeleteObjectInstance'  order='Receive'  semantics='Inform the RTI that it shall treat the specified             object instance as if thejoined federate did not             know about the object instance.'  sharing='Subscribe'  transportation='HLAreliable'  dimensions='NA' >
							<parameter name='HLAobjectInstance'  dataType='HLAhandle'  semantics='Handle of the object instance that is to be               deleted' />
						</interactionClass>
						<interactionClass name='HLAchangeAttributeTransportationType'  order='Receive'  semantics='Change the transportation type used by the joined             federate when sending attributes belonging to the             object instance'  sharing='Subscribe'  transportation='HLAreliable'  dimensions='NA' >
							<parameter name='HLAobjectInstance'  dataType='HLAhandle'  semantics='Handle of the object instance whose attribute               transportation type is to be changed' />
							<parameter name='HLAattributeList'  dataType='HLAhandleList'  semantics='List of the handles of instance attributes               whose transportation type is to be changed' />
							<parameter name='HLAtransportation'  dataType='HLAtransportationName'  semantics='Transportation type to be used for updating               instance attributes in the list' />
						</interactionClass>
						<interactionClass name='HLAchangeInteractionTransportationType'  order='Receive'  semantics='Change the transportation type used by the joined             federate when sending a class of interaction'  sharing='Subscribe'  transportation='HLAreliable'  dimensions='NA' >
							<parameter name='HLAinteractionClass'  dataType='HLAhandle'  semantics='Interaction class whose transportation type is               changed by this service invocation' />
							<parameter name='HLAtransportation'  dataType='HLAtransportationName'  semantics='Transportation type to be used for sending the               interaction class' />
						</interactionClass>
						<interactionClass name='HLAunconditionalAttributeOwnershipDivestiture'  order='Receive'  semantics='Cause the ownership of attributes of an object             instance to be unconditionally divested by the             joined federate'  sharing='Subscribe'  transportation='HLAreliable'  dimensions='NA' >
							<parameter name='HLAobjectInstance'  dataType='HLAhandle'  semantics="Handle of the object instance whose attributes'               ownership is to be divested" />
							<parameter name='HLAattributeList'  dataType='HLAhandleList'  semantics='List of handles of instance attributes               belonging to HLAobjectInstance whose ownership               is to be divested by the joined federate' />
						</interactionClass>
						<interactionClass name='HLAenableTimeRegulation'  order='Receive'  semantics='Cause the joined federate to begin regulating the             logical time of other joined federates'  sharing='Subscribe'  transportation='HLAreliable'  dimensions='NA' >
							<parameter name='HLAlookahead'  dataType='HLAtimeInterval'  semantics='Lookahead to be used by the joined federate               while regulating other joined federates' />
						</interactionClass>
						<interactionClass name='HLAdisableTimeRegulation'  order='Receive'  semantics='Cause the joined federate to cease regulating the             logical time of other joined federates'  sharing='Subscribe'  transportation='HLAreliable'  dimensions='NA' />
						<interactionClass name='HLAenableTimeConstrained'  order='Receive'  semantics='Cause the logical time of the joined federate to             begin being constrained by the logical times of             other joined federates'  sharing='Subscribe'  transportation='HLAreliable'  dimensions='NA' />
						<interactionClass name='HLAdisableTimeConstrained'  order='Receive'  semantics='Cause the logical time of the joined federate to             cease being constrained by the logical times of             other joined federates'  sharing='Subscribe'  transportation='HLAreliable'  dimensions='NA' />
						<interactionClass name='HLAtimeAdvanceRequest'  order='Receive'  semantics="Request an advance of the joined federate's             logical time on behalf of the joined federate, and             release zero or more messages for delivery to the             joined federate"  sharing='Subscribe'  transportation='HLAreliable'  dimensions='NA' >
							<parameter name='HLAtimeStamp'  dataType='HLAlogicalTime'  semantics='Time stamp requested' />
						</interactionClass>
						<interactionClass name='HLAtimeAdvanceRequestAvailable'  order='Receive'  semantics="Request an advance of the joined federate's             logical time, on behalf of the joined federate, and             release zero or more messages for delivery to the             joined federate"  sharing='Subscribe'  transportation='HLAreliable'  dimensions='NA' >
							<parameter name='HLAtimeStamp'  dataType='HLAlogicalTime'  semantics='Time stamp requested' />
						</interactionClass>
						<interactionClass name='HLAnextMessageRequest'  order='Receive'  semantics='Request the logical time of the joined federate to             be advanced to the time stamp of the next TSO             message that shall be delivered to the joined             federate, provided that the message shall have a             time stamp no greater than the logical time             specified in the request, and release zero             or more messages for delivery to the joined             federate.'  sharing='Subscribe'  transportation='HLAreliable'  dimensions='NA' >
							<parameter name='HLAtimeStamp'  dataType='HLAlogicalTime'  semantics='Time stamp requested' />
						</interactionClass>
						<interactionClass name='HLAnextMessageRequestAvailable'  order='Receive'  semantics='Request the logical time of the joined federate to             be advanced to the time stamp of the next TSO             message that shall be delivered to the joined             federate, provided that the message shall have a             time stamp no greater than the logical time             specified in the request, and release zero or more             messages for delivery to the joined federate.'  sharing='Subscribe'  transportation='HLAreliable'  dimensions='NA' >
							<parameter name='HLAtimeStamp'  dataType='HLAlogicalTime'  semantics='Time stamp requested' />
						</interactionClass>
						<interactionClass name='HLAflushQueueRequest'  order='Receive'  semantics='Request the logical time of the joined federate to             be advanced as far as possible, provided that the             time stamp is less than or equal to the logical             time specified in the request. All TSO and RO             messages shall be delivered to the joined             federate.'  sharing='Subscribe'  transportation='HLAreliable'  dimensions='NA' >
							<parameter name='HLAtimeStamp'  dataType='HLAlogicalTime'  semantics='Time stamp requested' />
						</interactionClass>
						<interactionClass name='HLAenableAsynchronousDelivery'  order='Receive'  semantics='Cause the RTI to deliver receive-order messages to             the joined federate at any time, even if the joined             federate is time-constrained.'  sharing='Subscribe'  transportation='HLAreliable'  dimensions='NA' />
						<interactionClass name='HLAdisableAsynchronousDelivery'  order='Receive'  semantics='When the joined federate is time-constrained,             cause the RTI to deliver receive-order messages to             the joined federate only when its time manager             state is Time Advancing.'  sharing='Subscribe'  transportation='HLAreliable'  dimensions='NA' />
						<interactionClass name='HLAmodifyLookahead'  order='Receive'  semantics='Change the lookahead value used by the joined             federate'  sharing='Subscribe'  transportation='HLAreliable'  dimensions='NA' >
							<parameter name='HLAlookahead'  dataType='HLAtimeInterval'  semantics='New value for lookahead' />
						</interactionClass>
						<interactionClass name='HLAchangeAttributeOrderType'  order='Receive'  semantics='Change the ordering type used by the joined             federate when sending attributes belonging to the             object instance'  sharing='Subscribe'  transportation='HLAreliable'  dimensions='NA' >
							<parameter name='HLAobjectInstance'  dataType='HLAhandle'  semantics='Handle of the object instance whose attribute               order type is to be changed' />
							<parameter name='HLAattributeList'  dataType='HLAhandleList'  semantics='List of the handles of instance attributes               whose order type is to be changed' />
							<parameter name='HLAsendOrder'  dataType='HLAorderType'  semantics='Order type to be used for sending the instance               attribute list' />
						</interactionClass>
						<interactionClass name='HLAchangeInteractionOrderType'  order='Receive'  semantics='Change the order type used by the joined             federate when sending a class of interaction'  sharing='Subscribe'  transportation='HLAreliable'  dimensions='NA' >
							<parameter name='HLAinteractionClass'  dataType='HLAhandle'  semantics='Interaction class whose order type is changed by               this service invocation' />
							<parameter name='HLAsendOrder'  dataType='HLAorderType'  semantics='Order type to be used for sending the               interaction class' />
						</interactionClass>
					</interactionClass>
				</interactionClass>
				<interactionClass name='HLAfederation'  order='Receive'  semantics='Root class of MOM interactions that deal with a specific         federation execution.'  sharing='Neither'  transportation='HLAreliable'  dimensions='NA' >
					<interactionClass name='HLAadjust'  order='Receive'  semantics='Permit a federate to adjust the RTI state variables           associated with a federation execution.'  sharing='Neither'  transportation='HLAreliable'  dimensions='NA' >
						<interactionClass name='HLAsetSwitches'  order='Receive'  semantics='Set the values of several HLA switches.'  sharing='Subscribe'  transportation='HLAreliable'  dimensions='NA' >
							<parameter name='HLAautoProvide'  dataType='HLAswitch'  semantics='Set the federation-wide Auto Provide Switch to               the provided value (this parameter is required               only when a change of this switch value is               needed).' />
						</interactionClass>
					</interactionClass>
				</interactionClass>
			</interactionClass>
		</interactionClass>
	</interactions>
	<dimensions>
		<dimension name='Federate'  dataType='HLAfederateHandle'  upperBoundNotes='MOM1'  normalization='Normalize Federate Handle service'  value='Excluded' />
		<dimension name='ServiceGroup'  dataType='HLAserviceGroupName'  upperBound='7'  normalization='Normalize Service Group service'  value='Excluded' />
	</dimensions>
	<transportations>
		<transportation name='HLAreliable'  description='Provide reliable delivery of data in the sense that TCP/IP delivers its data reliably' />
		<transportation name='HLAbestEffort'  description='Make an effort to deliver data in the sense that UDP provides best-effort delivery' />
	</transportations>
	<switches/>
	<dataTypes>
		<basicDataRepresentations>
			<basicData name='HLAinteger16BE'  size='16'  interpretation='Integer in the range [-2^15, 2^15 - 1]'  endian='Big'  encoding="16-bit two's complement signed integer. The most       significant bit contains the sign." />
			<basicData name='HLAinteger32BE'  size='32'  interpretation='Integer in the range [-2^31, 2^31 - 1]'  endian='Big'  encoding="32-bit two's complement signed integer. The most       significant bit contains the sign." />
			<basicData name='HLAinteger64BE'  size='64'  interpretation='Integer in the range [-2^63, 2^63 - 1]'  endian='Big'  encoding="64-bit two's complement signed integer first. The most       significant bit contains the sign." />
			<basicData name='HLAfloat32BE'  size='32'  interpretation='Single-precision floating point number'  endian='Big'  encoding='32-bit IEEE normalized single-precision format. See IEEE       Std 754-1985' />
			<basicData name='HLAfloat64BE'  size='64'  interpretation='Double-precision floating point number'  endian='Big'  encoding='64-bit IEEE normalized double-precision format. See IEEE       Std 754-1985' />
			<basicData name='HLAoctetPairBE'  size='16'  interpretation='16-bit value'  endian='Big'  encoding='Assumed to be portable among hardware devices.' />
			<basicData name='HLAinteger16LE'  size='16'  interpretation='Integer in the range [-2^15, 2^15 - 1]'  endian='Little'  encoding="16-bit two's complement signed integer. The most       significant bit contains the sign." />
			<basicData name='HLAinteger32LE'  size='32'  interpretation='Integer in the range [-2^31, 2^31 - 1]'  endian='Little'  encoding="32-bit two's complement signed integer. The most       significant bit contains the sign." />
			<basicData name='HLAinteger64LE'  size='64'  interpretation='Integer in the range [-2^63, 2^63 - 1]'  endian='Little'  encoding="64-bit two's complement signed integer first. The most       significant bit contains the sign." />
			<basicData name='HLAfloat32LE'  size='32'  interpretation='Single-precision floating point number'  endian='Little'  encoding='32-bit IEEE normalized single-precision format. See IEEE       Std 754-1985' />
			<basicData name='HLAfloat64LE'  size='64'  interpretation='Double-precision floating point number'  endian='Little'  encoding='64-bit IEEE normalized double-precision format. See IEEE       Std 754-1985' />
			<basicData name='HLAoctetPairLE'  size='16'  interpretation='16-bit value'  endian='Little'  encoding='Assumed to be portable among hardware devices.' />
			<basicData name='HLAoctet'  size='8'  interpretation='8-bit value'  endian='Big'  encoding='Assumed to be portable among hardware devices.' />
		</basicDataRepresentations>
		<simpleDataTypes>
			<simpleData name='ScaleFactorFloat32'  representation='HLAfloat32BE'  units='N/A'  resolution='0.001'  accuracy='0.001'  semantics='Ratio between two values. Used for the scaling of time or space. Negative numbers are not allowed.' />
			<simpleData name='FuelInt32'  representation='HLAinteger32BE'  units='Litres'  resolution='1'  accuracy='1'  semantics='Integer that describes a fuel volume. Note that this is rounded to an integer value in the information exchange.' />
			<simpleData name='AngleFloat64'  representation='HLAfloat32BE'  units='Degree'  resolution='0.000001'  accuracy='0.000001'  semantics='Decimal degree data type used for Lat/Long positioning. A 64 bit value is required to accurately describe the position of a car on earth.' />
			<simpleData name='HLAcount'  representation='HLAinteger32BE' />
			<simpleData name='HLAmsec'  representation='HLAinteger32BE'  units='milliseconds' />
			<simpleData name='HLAseconds'  representation='HLAinteger32BE'  units='seconds' />
			<simpleData name='HLAfederateHandle'  representation='HLAinteger32BE'  semantics='The type of the argument to Normalize Federate Handle     service. This is a pointer to an RTI-defined programming     language object, not an integer 32' />
			<simpleData name='HLAASCIIchar'  representation='HLAoctet'  semantics='Standard ASCII character (see ANSI Std X3.4-1986)' />
			<simpleData name='HLAunicodeChar'  representation='HLAoctetPairBE'  units='NA'  resolution='NA'  accuracy='NA'  semantics='Unicode UTF-16 character (see The Unicode Standard,     Version 3.0)' />
			<simpleData name='HLAbyte'  representation='HLAoctet'  semantics='Uninterpreted 8-bit byte' />
		</simpleDataTypes>
		<enumeratedDataTypes>
			<enumeratedData name='FuelTypeEnum32'  representation='HLAinteger32BE'  semantics='Main type of fuel for a car. Hybrid fuel cars are mainly treated as gasoline or diesel cars. Electrical cars to be covered in the next version of this FOM.' >
				<enumerator name='Gasoline'  values='1' />
				<enumerator name='Diesel'  values='2' />
				<enumerator name='EthanolFlexibleFuel'  values='3' />
				<enumerator name='NaturalGas'  values='4' />
			</enumeratedData>
			<enumeratedData name='HLAboolean'  representation='HLAinteger32BE'  semantics='Standard boolean type' >
				<enumerator name='HLAfalse'  values='0' />
				<enumerator name='HLAtrue'  values='1' />
			</enumeratedData>
			<enumeratedData name='HLAfederateState'  representation='HLAinteger32BE'  semantics='State of the federate' >
				<enumerator name='ActiveFederate'  values='1' />
				<enumerator name='FederateSaveInProgress'  values='3' />
				<enumerator name='FederateRestoreInProgress'  values='5' />
			</enumeratedData>
			<enumeratedData name='HLAtimeState'  representation='HLAinteger32BE'  semantics='State of time advancement' >
				<enumerator name='TimeGranted'  values='0' />
				<enumerator name='TimeAdvancing'  values='1' />
			</enumeratedData>
			<enumeratedData name='HLAswitch'  representation='HLAinteger32BE' >
				<enumerator name='Enabled'  values='1' />
				<enumerator name='Disabled'  values='0' />
			</enumeratedData>
			<enumeratedData name='HLAownership'  representation='HLAinteger32BE' >
				<enumerator name='Unowned'  values='0' />
				<enumerator name='Owned'  values='1' />
			</enumeratedData>
			<enumeratedData name='HLAresignAction'  representation='HLAinteger32BE'  semantics='Action to be performed by RTI in conjunction with     resignation' >
				<enumerator name='DivestOwnership'  values='1' />
				<enumerator name='DeleteObjectInstances'  values='2' />
				<enumerator name='CancelPendingAcquisitions'  values='3' />
				<enumerator name='DeleteObjectInstancesThenDivestOwnership'  values='4' />
				<enumerator name='CancelPendingAcquisitionsThenDeleteObjectInstancesThenDivestOwnership'  values='5' />
				<enumerator name='NoAction'  values='6' />
			</enumeratedData>
			<enumeratedData name='HLAorderType'  representation='HLAinteger32BE'  semantics='Order type to be used for sending attributes or     interactions' >
				<enumerator name='Receive'  values='0' />
				<enumerator name='TimeStamp'  values='1' />
			</enumeratedData>
			<enumeratedData name='HLAserviceGroupName'  representation='HLAinteger32BE'  semantics='Service group identifier' >
				<enumerator name='FederationManagement'  values='0' />
				<enumerator name='DeclarationManagement'  values='1' />
				<enumerator name='ObjectManagement'  values='2' />
				<enumerator name='OwnershipManagement'  values='3' />
				<enumerator name='TimeManagement'  values='4' />
				<enumerator name='DataDistributionManagement'  values='5' />
				<enumerator name='SupportServices'  values='6' />
			</enumeratedData>
			<enumeratedData name='HLAsynchPointStatus'  representation='HLAinteger32BE'  semantics='Joined federate synchronization point status' >
				<enumerator name='NoActivity'  values='0' />
				<enumerator name='AttemptingToRegisterSynchPoint'  values='1' />
				<enumerator name='MovingToSynchPoint'  values='2' />
				<enumerator name='WaitingForRestOfFederation'  values='3' />
			</enumeratedData>
		</enumeratedDataTypes>
		<arrayDataTypes>
			<arrayData name='HLAhandle'  dataType='HLAbyte'  cardinality='Dynamic'  encoding='HLAvariableArray'  semantics='Encoded value of a handle. The encoding is based on the     type of handle' />
			<arrayData name='HLAunicodeString'  dataType='HLAunicodeChar'  cardinality='Dynamic'  encoding='HLAvariableArray'  semantics='Unicode string representation' />
			<arrayData name='HLAlogicalTime'  dataType='HLAbyte'  cardinality='Dynamic'  encoding='HLAvariableArray'  semantics='An encoded logical time. An empty array shall indicate     that the values is not defined' />
			<arrayData name='HLAtimeInterval'  dataType='HLAbyte'  cardinality='Dynamic'  encoding='HLAvariableArray'  semantics='An encoded logical time interval. An empty array shall     indicate that the values is not defined' />
			<arrayData name='HLAhandleList'  dataType='HLAhandle'  cardinality='Dynamic'  encoding='HLAvariableArray'  semantics='List of encoded handles' />
			<arrayData name='HLAinteractionSubList'  dataType='HLAinteractionSubscription'  cardinality='Dynamic'  encoding='HLAvariableArray'  semantics='List of interaction subscription indicators' />
			<arrayData name='HLAobjectClassBasedCounts'  dataType='HLAobjectClassBasedCount'  cardinality='Dynamic'  encoding='HLAvariableArray'  semantics='Counts of various items based on object class' />
			<arrayData name='HLAtransportationName'  dataType='HLAunicodeChar'  cardinality='Dynamic'  encoding='HLAvariableArray'  semantics='String whose legal value shall be a name from any row in     the OMT transportation table (IEEE Std 1516.2-2000' />
			<arrayData name='HLAinteractionCounts'  dataType='HLAinteractionCount'  cardinality='Dynamic'  encoding='HLAvariableArray'  semantics='List of interaction counts' />
			<arrayData name='HLAargumentList'  dataType='HLAunicodeString'  cardinality='Dynamic'  encoding='HLAvariableArray'  semantics='List of arguments' />
			<arrayData name='HLAsynchPointList'  dataType='HLAunicodeString'  cardinality='Dynamic'  encoding='HLAvariableArray'  semantics='List of names of synchronization points' />
			<arrayData name='HLAsynchPointFederateList'  dataType='HLAsynchPointFederate'  cardinality='Dynamic'  encoding='HLAvariableArray'  semantics='List of joined federates and the synchronization status of     each' />
			<arrayData name='HLAopaqueData'  dataType='HLAbyte'  cardinality='Dynamic'  encoding='HLAvariableArray'  semantics='Uninterpreted sequence of bytes' />
			<arrayData name='HLAASCIIstring'  dataType='HLAASCIIchar'  cardinality='Dynamic'  encoding='HLAvariableArray'  semantics='ASCII String representation' />
		</arrayDataTypes>
		<fixedRecordDataTypes>
			<fixedRecordData name='PositionRec'  encoding='HLAfixedRecord'  semantics='Position on Earth described as Lat/Long using WGS-84.' >
				<field name='Lat'  dataType='AngleFloat64'  semantics='Latitude degree (-90 to 90)' />
				<field name='Long'  dataType='AngleFloat64'  semantics='Longitude degree (-180 to 180)' />
			</fixedRecordData>
			<fixedRecordData name='HLAinteractionSubscription'  encoding='HLAfixedRecord'  semantics='Interaction subscription information' >
				<field name='HLAinteractionClass'  dataType='HLAhandle'  semantics='Encoded interaction class handle' />
				<field name='HLAactive'  dataType='HLAboolean'  semantics='Whether subscription is active (HLAtrue=active)' />
			</fixedRecordData>
			<fixedRecordData name='HLAobjectClassBasedCount'  encoding='HLAfixedRecord'  semantics='Object class and count of associated items' >
				<field name='HLAobjectClass'  dataType='HLAhandle'  semantics='Encoded object class handle' />
				<field name='HLAcount'  dataType='HLAcount'  semantics='Number of items' />
			</fixedRecordData>
			<fixedRecordData name='HLAinteractionCount'  encoding='HLAfixedRecord'  semantics='Count of interactions of a class' >
				<field name='HLAinteractionClass'  dataType='HLAhandle'  semantics='Encoded interaction class handle' />
				<field name='HLAinteractionCount'  dataType='HLAcount'  semantics='Number of interactions' />
			</fixedRecordData>
			<fixedRecordData name='HLAsynchPointFederate'  encoding='HLAfixedRecord'  semantics='A particular joined federate and its synchronization point     status' >
				<field name='HLAfederate'  dataType='HLAhandle'  semantics='Encoded joined federate handle' />
				<field name='HLAfederateSynchStatus'  dataType='HLAsynchPointStatus'  semantics='Synchronization status of the particular joined\       federate' />
			</fixedRecordData>
		</fixedRecordDataTypes>
		<variantRecordDataTypes/>
	</dataTypes>
	<notes>
		<note name='MOM1'  semantics='The value of the Dimension Upper Bound entry for the Federate     dimension is RTI implementation dependent.' />
	</notes>
</objectModel>
